{
  "sequences": {
    "stable_seq_000_part_0_dif_0": {
      "ATE": 29.600533809457357,
      "delta_avg": 0.4,
      "per_point_error": [
        7.526033164262524,
        4.097508150634498,
        17.593425762224047,
        34.486036303974934,
        84.29966566619078
      ],
      "pred_last": [
        [
          243.74777221679688,
          73.5112075805664
        ],
        [
          369.4291687011719,
          147.809326171875
        ],
        [
          108.01396942138672,
          145.54376220703125
        ],
        [
          380.2649841308594,
          327.7745361328125
        ],
        [
          169.72325134277344,
          367.5635986328125
        ]
      ],
      "gt_last": [
        [
          243,
          81
        ],
        [
          372,
          151
        ],
        [
          114,
          129
        ],
        [
          402,
          301
        ],
        [
          205,
          291
        ]
      ]
    },
    "stable_seq_000_part_1_dif_0": {
      "ATE": 144.38949205592465,
      "delta_avg": 0.04,
      "per_point_error": [
        33.43707065510739,
        120.91476991919153,
        280.3685389618523,
        241.02097449193445,
        46.206106251537605
      ],
      "pred_last": [
        [
          51.782615661621094,
          293.240966796875
        ],
        [
          137.61724853515625,
          231.46559143066406
        ],
        [
          107.25315856933594,
          277.26556396484375
        ],
        [
          79.07626342773438,
          277.8153991699219
        ],
        [
          122.75907135009766,
          254.48019409179688
        ]
      ],
      "gt_last": [
        [
          68,
          264
        ],
        [
          247,
          283
        ],
        [
          330,
          107
        ],
        [
          245,
          103
        ],
        [
          92,
          220
        ]
      ]
    },
    "stable_seq_000_part_2_dif_0": {
      "ATE": 220.9530274996361,
      "delta_avg": 0.12000000000000002,
      "per_point_error": [
        370.5223417106348,
        8.524887979083372,
        248.1506662647381,
        206.66016428925644,
        270.9070772544677
      ],
      "pred_last": [
        [
          155.99867248535156,
          40.12876892089844
        ],
        [
          243.7222900390625,
          91.09744262695312
        ],
        [
          230.04380798339844,
          46.52784729003906
        ],
        [
          225.3133087158203,
          128.6140594482422
        ],
        [
          173.85435485839844,
          81.38335418701172
        ]
      ],
      "gt_last": [
        [
          43,
          393
        ],
        [
          239,
          84
        ],
        [
          12,
          165
        ],
        [
          333,
          305
        ],
        [
          76,
          334
        ]
      ]
    },
    "stable_seq_001_part_1_dif_0": {
      "ATE": 88.83504742815768,
      "delta_avg": 0.0,
      "per_point_error": [
        81.96888403877382,
        51.6733290045158,
        119.07501197653724,
        100.8586696734781,
        90.59934244748342
      ],
      "pred_last": [
        [
          142.4671630859375,
          198.2554168701172
        ],
        [
          302.41302490234375,
          24.342832565307617
        ],
        [
          314.30389404296875,
          358.23980712890625
        ],
        [
          352.8836975097656,
          201.25938415527344
        ],
        [
          248.64849853515625,
          194.26190185546875
        ]
      ],
      "gt_last": [
        [
          88,
          137
        ],
        [
          252,
          13
        ],
        [
          239,
          266
        ],
        [
          317,
          107
        ],
        [
          194,
          122
        ]
      ]
    },
    "stable_seq_001_part_2_dif_0": {
      "ATE": 119.64538105838528,
      "delta_avg": 0.04,
      "per_point_error": [
        149.09360624577778,
        123.56145585610433,
        55.04398252604066,
        232.27531524117143,
        38.25254542283222
      ],
      "pred_last": [
        [
          36.39665222167969,
          19.90692138671875
        ],
        [
          31.511571884155273,
          466.2475280761719
        ],
        [
          92.2972412109375,
          245.89454650878906
        ],
        [
          178.25064086914062,
          230.1474151611328
        ],
        [
          157.53152465820312,
          245.8416748046875
        ]
      ],
      "gt_last": [
        [
          36,
          169
        ],
        [
          155,
          462
        ],
        [
          128,
          204
        ],
        [
          120,
          455
        ],
        [
          134,
          276
        ]
      ]
    }
  },
  "mean_ATE": 120.68469637031221,
  "mean_delta_avg": 0.12000000000000002
}