{
  "seq": "stable_seq_000_part_0_dif_0",
  "ATE": 29.600533809457357,
  "per_point_error": [
    7.526033164262524,
    4.097508150634498,
    17.593425762224047,
    34.486036303974934,
    84.29966566619078
  ],
  "pred_last": [
    [
      243.74777221679688,
      73.5112075805664
    ],
    [
      369.4291687011719,
      147.809326171875
    ],
    [
      108.01396942138672,
      145.54376220703125
    ],
    [
      380.2649841308594,
      327.7745361328125
    ],
    [
      169.72325134277344,
      367.5635986328125
    ]
  ],
  "gt_last": [
    [
      243,
      81
    ],
    [
      372,
      151
    ],
    [
      114,
      129
    ],
    [
      402,
      301
    ],
    [
      205,
      291
    ]
  ]
}