{
  "seq": "stable_seq_000_part_2_dif_0",
  "ATE": 220.9530274996361,
  "per_point_error": [
    370.5223417106348,
    8.524887979083372,
    248.1506662647381,
    206.66016428925644,
    270.9070772544677
  ],
  "pred_last": [
    [
      155.99867248535156,
      40.12876892089844
    ],
    [
      243.7222900390625,
      91.09744262695312
    ],
    [
      230.04380798339844,
      46.52784729003906
    ],
    [
      225.3133087158203,
      128.6140594482422
    ],
    [
      173.85435485839844,
      81.38335418701172
    ]
  ],
  "gt_last": [
    [
      43,
      393
    ],
    [
      239,
      84
    ],
    [
      12,
      165
    ],
    [
      333,
      305
    ],
    [
      76,
      334
    ]
  ]
}