{
  "seq": "stable_seq_001_part_2_dif_0",
  "ATE": 119.64538105838528,
  "per_point_error": [
    149.09360624577778,
    123.56145585610433,
    55.04398252604066,
    232.27531524117143,
    38.25254542283222
  ],
  "pred_last": [
    [
      36.39665222167969,
      19.90692138671875
    ],
    [
      31.511571884155273,
      466.2475280761719
    ],
    [
      92.2972412109375,
      245.89454650878906
    ],
    [
      178.25064086914062,
      230.1474151611328
    ],
    [
      157.53152465820312,
      245.8416748046875
    ]
  ],
  "gt_last": [
    [
      36,
      169
    ],
    [
      155,
      462
    ],
    [
      128,
      204
    ],
    [
      120,
      455
    ],
    [
      134,
      276
    ]
  ]
}