{
  "seq": "stable_seq_001_part_1_dif_0",
  "ATE": 88.83504742815768,
  "per_point_error": [
    81.96888403877382,
    51.6733290045158,
    119.07501197653724,
    100.8586696734781,
    90.59934244748342
  ],
  "pred_last": [
    [
      142.4671630859375,
      198.2554168701172
    ],
    [
      302.41302490234375,
      24.342832565307617
    ],
    [
      314.30389404296875,
      358.23980712890625
    ],
    [
      352.8836975097656,
      201.25938415527344
    ],
    [
      248.64849853515625,
      194.26190185546875
    ]
  ],
  "gt_last": [
    [
      88,
      137
    ],
    [
      252,
      13
    ],
    [
      239,
      266
    ],
    [
      317,
      107
    ],
    [
      194,
      122
    ]
  ]
}