{
  "seq": "stable_seq_000_part_1_dif_0",
  "ATE": 144.38949205592465,
  "per_point_error": [
    33.43707065510739,
    120.91476991919153,
    280.3685389618523,
    241.02097449193445,
    46.206106251537605
  ],
  "pred_last": [
    [
      51.782615661621094,
      293.240966796875
    ],
    [
      137.61724853515625,
      231.46559143066406
    ],
    [
      107.25315856933594,
      277.26556396484375
    ],
    [
      79.07626342773438,
      277.8153991699219
    ],
    [
      122.75907135009766,
      254.48019409179688
    ]
  ],
  "gt_last": [
    [
      68,
      264
    ],
    [
      247,
      283
    ],
    [
      330,
      107
    ],
    [
      245,
      103
    ],
    [
      92,
      220
    ]
  ]
}