{
  "seq": "stable_seq_000_part_1_dif_0",
  "ATE": 126.25865075855845,
  "per_point_error": [
    19.703005126375576,
    84.98968413193859,
    242.89756987068876,
    208.43785557008601,
    75.26513909370328
  ],
  "pred_last": [
    [
      87.60842895507812,
      262.0718078613281
    ],
    [
      177.9148406982422,
      233.4976043701172
    ],
    [
      141.67259216308594,
      260.4014892578125
    ],
    [
      114.81182098388672,
      265.7801513671875
    ],
    [
      162.76341247558594,
      245.63943481445312
    ]
  ],
  "gt_last": [
    [
      68,
      264
    ],
    [
      247,
      283
    ],
    [
      330,
      107
    ],
    [
      245,
      103
    ],
    [
      92,
      220
    ]
  ]
}