{
  "seq": "stable_seq_001_part_2_dif_0",
  "ATE": 77.56547616516278,
  "per_point_error": [
    27.2200458303872,
    35.37045242201131,
    61.02471925365377,
    222.68616572595488,
    41.52599759380669
  ],
  "pred_last": [
    [
      58.0316162109375,
      153.01441955566406
    ],
    [
      120.29979705810547,
      455.14691162109375
    ],
    [
      99.76224517822266,
      258.0984802246094
    ],
    [
      184.61468505859375,
      241.89422607421875
    ],
    [
      160.24716186523438,
      243.82089233398438
    ]
  ],
  "gt_last": [
    [
      36,
      169
    ],
    [
      155,
      462
    ],
    [
      128,
      204
    ],
    [
      120,
      455
    ],
    [
      134,
      276
    ]
  ]
}