{
  "seq": "stable_seq_001_part_1_dif_0",
  "ATE": 35.514509822676345,
  "per_point_error": [
    17.14533356393344,
    52.90681434984076,
    27.97515890255477,
    29.531477015283787,
    50.013765281768954
  ],
  "pred_last": [
    [
      76.95474243164062,
      123.88646697998047
    ],
    [
      298.6724853515625,
      -11.916061401367188
    ],
    [
      265.0442199707031,
      276.213134765625
    ],
    [
      344.26287841796875,
      118.3509292602539
    ],
    [
      240.7717742919922,
      139.71377563476562
    ]
  ],
  "gt_last": [
    [
      88,
      137
    ],
    [
      252,
      13
    ],
    [
      239,
      266
    ],
    [
      317,
      107
    ],
    [
      194,
      122
    ]
  ]
}