{
  "seq": "stable_seq_000_part_0_dif_0",
  "ATE": 19.961363207737662,
  "per_point_error": [
    15.551176213719943,
    0.9520300112949381,
    4.4860420288667155,
    14.553928406447325,
    64.26363937835939
  ],
  "pred_last": [
    [
      242.85324096679688,
      65.44951629638672
    ],
    [
      371.239013671875,
      150.4279327392578
    ],
    [
      116.31716918945312,
      125.15873718261719
    ],
    [
      416.5373840332031,
      301.6937561035156
    ],
    [
      155.47715759277344,
      331.95489501953125
    ]
  ],
  "gt_last": [
    [
      243,
      81
    ],
    [
      372,
      151
    ],
    [
      114,
      129
    ],
    [
      402,
      301
    ],
    [
      205,
      291
    ]
  ]
}