{
  "seq": "stable_seq_000_part_2_dif_0",
  "ATE": 216.56288459537228,
  "per_point_error": [
    327.9128518831581,
    47.48092965181503,
    230.8244262270476,
    206.08313660858116,
    270.5130786062594
  ],
  "pred_last": [
    [
      186.91253662109375,
      98.35441589355469
    ],
    [
      275.28118896484375,
      114.62864685058594
    ],
    [
      222.73492431640625,
      70.81556701660156
    ],
    [
      223.97726440429688,
      130.11631774902344
    ],
    [
      225.10777282714844,
      108.29178619384766
    ]
  ],
  "gt_last": [
    [
      43,
      393
    ],
    [
      239,
      84
    ],
    [
      12,
      165
    ],
    [
      333,
      305
    ],
    [
      76,
      334
    ]
  ]
}