{
  "sequences": {
    "stable_seq_000_part_0_dif_0": {
      "seq": "stable_seq_000_part_0_dif_0",
      "ATE": 19.961363207737662,
      "per_point_error": [
        15.551176213719943,
        0.9520300112949381,
        4.4860420288667155,
        14.553928406447325,
        64.26363937835939
      ],
      "pred_last": [
        [
          242.85324096679688,
          65.44951629638672
        ],
        [
          371.239013671875,
          150.4279327392578
        ],
        [
          116.31716918945312,
          125.15873718261719
        ],
        [
          416.5373840332031,
          301.6937561035156
        ],
        [
          155.47715759277344,
          331.95489501953125
        ]
      ],
      "gt_last": [
        [
          243,
          81
        ],
        [
          372,
          151
        ],
        [
          114,
          129
        ],
        [
          402,
          301
        ],
        [
          205,
          291
        ]
      ]
    },
    "stable_seq_000_part_1_dif_0": {
      "seq": "stable_seq_000_part_1_dif_0",
      "ATE": 126.25865075855845,
      "per_point_error": [
        19.703005126375576,
        84.98968413193859,
        242.89756987068876,
        208.43785557008601,
        75.26513909370328
      ],
      "pred_last": [
        [
          87.60842895507812,
          262.0718078613281
        ],
        [
          177.9148406982422,
          233.4976043701172
        ],
        [
          141.67259216308594,
          260.4014892578125
        ],
        [
          114.81182098388672,
          265.7801513671875
        ],
        [
          162.76341247558594,
          245.63943481445312
        ]
      ],
      "gt_last": [
        [
          68,
          264
        ],
        [
          247,
          283
        ],
        [
          330,
          107
        ],
        [
          245,
          103
        ],
        [
          92,
          220
        ]
      ]
    },
    "stable_seq_000_part_2_dif_0": {
      "seq": "stable_seq_000_part_2_dif_0",
      "ATE": 216.56288459537228,
      "per_point_error": [
        327.9128518831581,
        47.48092965181503,
        230.8244262270476,
        206.08313660858116,
        270.5130786062594
      ],
      "pred_last": [
        [
          186.91253662109375,
          98.35441589355469
        ],
        [
          275.28118896484375,
          114.62864685058594
        ],
        [
          222.73492431640625,
          70.81556701660156
        ],
        [
          223.97726440429688,
          130.11631774902344
        ],
        [
          225.10777282714844,
          108.29178619384766
        ]
      ],
      "gt_last": [
        [
          43,
          393
        ],
        [
          239,
          84
        ],
        [
          12,
          165
        ],
        [
          333,
          305
        ],
        [
          76,
          334
        ]
      ]
    },
    "stable_seq_001_part_1_dif_0": {
      "seq": "stable_seq_001_part_1_dif_0",
      "ATE": 35.514509822676345,
      "per_point_error": [
        17.14533356393344,
        52.90681434984076,
        27.97515890255477,
        29.531477015283787,
        50.013765281768954
      ],
      "pred_last": [
        [
          76.95474243164062,
          123.88646697998047
        ],
        [
          298.6724853515625,
          -11.916061401367188
        ],
        [
          265.0442199707031,
          276.213134765625
        ],
        [
          344.26287841796875,
          118.3509292602539
        ],
        [
          240.7717742919922,
          139.71377563476562
        ]
      ],
      "gt_last": [
        [
          88,
          137
        ],
        [
          252,
          13
        ],
        [
          239,
          266
        ],
        [
          317,
          107
        ],
        [
          194,
          122
        ]
      ]
    },
    "stable_seq_001_part_2_dif_0": {
      "seq": "stable_seq_001_part_2_dif_0",
      "ATE": 77.56547616516278,
      "per_point_error": [
        27.2200458303872,
        35.37045242201131,
        61.02471925365377,
        222.68616572595488,
        41.52599759380669
      ],
      "pred_last": [
        [
          58.0316162109375,
          153.01441955566406
        ],
        [
          120.29979705810547,
          455.14691162109375
        ],
        [
          99.76224517822266,
          258.0984802246094
        ],
        [
          184.61468505859375,
          241.89422607421875
        ],
        [
          160.24716186523438,
          243.82089233398438
        ]
      ],
      "gt_last": [
        [
          36,
          169
        ],
        [
          155,
          462
        ],
        [
          128,
          204
        ],
        [
          120,
          455
        ],
        [
          134,
          276
        ]
      ]
    }
  },
  "mean_ATE": 95.1725769099015
}