{
  "seq": "real_seq_001_part_0_dif_1__Videos_001",
  "OA": 44.34782608695652,
  "J_1": 0.0,
  "J_2": 0.0,
  "J_4": 0.0,
  "J_8": 2.5316455696202533,
  "J_16": 11.724137931034482,
  "J_avg": 2.8511567001309475,
  "d_1": 0.0,
  "d_2": 0.0,
  "d_4": 1.7699115044247788,
  "d_8": 7.964601769911504,
  "d_16": 23.893805309734514,
  "d_avg": 6.725663716814159
}