{
  "seq": "stable_seq_001_part_1_dif_0__Videos_002",
  "OA": 81.73913043478261,
  "J_1": 0.0,
  "J_2": 1.4705882352941175,
  "J_4": 15.64245810055866,
  "J_8": 30.18867924528302,
  "J_16": 59.23076923076923,
  "J_avg": 21.306498962381006,
  "d_1": 0.0,
  "d_2": 2.631578947368421,
  "d_4": 24.561403508771928,
  "d_8": 42.10526315789473,
  "d_16": 67.54385964912281,
  "d_avg": 27.368421052631575
}