{
  "seq": "real_seq_001_part_0_dif_1__Videos_007",
  "OA": 41.73913043478261,
  "J_1": 0.641025641025641,
  "J_2": 0.641025641025641,
  "J_4": 2.6143790849673203,
  "J_8": 4.666666666666667,
  "J_16": 9.79020979020979,
  "J_avg": 3.670661364779012,
  "d_1": 0.8928571428571428,
  "d_2": 0.8928571428571428,
  "d_4": 3.571428571428571,
  "d_8": 6.25,
  "d_16": 12.5,
  "d_avg": 4.821428571428572
}