{
  "seq": "real_seq_001_part_0_dif_1__Videos_006",
  "OA": 62.60869565217392,
  "J_1": 0.0,
  "J_2": 1.0810810810810811,
  "J_4": 5.056179775280898,
  "J_8": 17.61006289308176,
  "J_16": 34.53237410071942,
  "J_avg": 11.655939570032633,
  "d_1": 0.0,
  "d_2": 1.7391304347826086,
  "d_4": 10.434782608695652,
  "d_8": 32.17391304347826,
  "d_16": 56.52173913043478,
  "d_avg": 20.173913043478258
}