{
  "seq": "stable_seq_001_part_1_dif_0__Videos_004",
  "OA": 85.21739130434783,
  "J_1": 1.932367149758454,
  "J_2": 9.895833333333332,
  "J_4": 21.26436781609195,
  "J_8": 49.645390070921984,
  "J_16": 71.54471544715447,
  "J_avg": 30.856534763452036,
  "d_1": 3.508771929824561,
  "d_2": 16.666666666666664,
  "d_4": 32.45614035087719,
  "d_8": 61.40350877192983,
  "d_16": 77.19298245614034,
  "d_avg": 38.24561403508772
}