{
  "seq": "real_seq_001_part_0_dif_1__Videos_002",
  "OA": 44.34782608695652,
  "J_1": 0.6134969325153374,
  "J_2": 1.2345679012345678,
  "J_4": 2.5,
  "J_8": 7.894736842105263,
  "J_16": 13.88888888888889,
  "J_avg": 5.226338112948812,
  "d_1": 0.8771929824561403,
  "d_2": 1.7543859649122806,
  "d_4": 3.508771929824561,
  "d_8": 10.526315789473683,
  "d_16": 17.543859649122805,
  "d_avg": 6.842105263157894
}