{
  "seq": "real_seq_001_part_0_dif_1__Videos_000",
  "OA": 85.21739130434783,
  "J_1": 0.9569377990430622,
  "J_2": 3.9408866995073892,
  "J_4": 8.762886597938143,
  "J_8": 19.2090395480226,
  "J_16": 34.394904458598724,
  "J_avg": 13.452931020621985,
  "d_1": 1.7543859649122806,
  "d_2": 7.017543859649122,
  "d_4": 14.912280701754385,
  "d_8": 29.82456140350877,
  "d_16": 57.01754385964912,
  "d_avg": 22.105263157894733
}