{
  "seq": "stable_seq_001_part_1_dif_0__Videos_005",
  "OA": 100.0,
  "J_1": 11.11111111111111,
  "J_2": 20.418848167539267,
  "J_4": 28.49162011173184,
  "J_8": 48.38709677419355,
  "J_16": 72.93233082706767,
  "J_avg": 36.268201398328685,
  "d_1": 20.0,
  "d_2": 33.91304347826087,
  "d_4": 44.34782608695652,
  "d_8": 65.21739130434783,
  "d_16": 84.34782608695653,
  "d_avg": 49.565217391304344
}