{
  "seq": "real_seq_001_part_0_dif_1__Videos_004",
  "OA": 53.91304347826087,
  "J_1": 0.0,
  "J_2": 1.1560693641618496,
  "J_4": 4.790419161676647,
  "J_8": 18.243243243243242,
  "J_16": 33.587786259541986,
  "J_avg": 11.555503605724745,
  "d_1": 0.0,
  "d_2": 3.508771929824561,
  "d_4": 9.649122807017543,
  "d_8": 34.21052631578947,
  "d_16": 61.40350877192983,
  "d_avg": 21.75438596491228
}