{
  "seq": "real_seq_001_part_0_dif_1__Videos_005",
  "OA": 80.8695652173913,
  "J_1": 0.4830917874396135,
  "J_2": 0.9708737864077669,
  "J_4": 3.482587064676617,
  "J_8": 11.229946524064172,
  "J_16": 39.59731543624161,
  "J_avg": 11.152762919765955,
  "d_1": 1.7391304347826086,
  "d_2": 2.608695652173913,
  "d_4": 6.956521739130435,
  "d_8": 20.869565217391305,
  "d_16": 61.73913043478261,
  "d_avg": 18.782608695652172
}