{
  "seq": "stable_seq_001_part_1_dif_0__Videos_000",
  "OA": 100.0,
  "J_1": 4.072398190045249,
  "J_2": 11.11111111111111,
  "J_4": 21.693121693121693,
  "J_8": 45.56962025316456,
  "J_16": 86.99186991869918,
  "J_avg": 33.88762423322836,
  "d_1": 7.82608695652174,
  "d_2": 20.0,
  "d_4": 35.65217391304348,
  "d_8": 62.60869565217392,
  "d_16": 93.04347826086956,
  "d_avg": 43.826086956521735
}