{
  "seq": "stable_seq_001_part_1_dif_0__Videos_003",
  "OA": 96.37681159420289,
  "J_1": 5.078125,
  "J_2": 9.34959349593496,
  "J_4": 20.089285714285715,
  "J_8": 38.659793814432994,
  "J_16": 56.395348837209305,
  "J_avg": 25.914429372372595,
  "d_1": 9.48905109489051,
  "d_2": 16.78832116788321,
  "d_4": 32.846715328467155,
  "d_8": 54.74452554744526,
  "d_16": 70.8029197080292,
  "d_avg": 36.934306569343065
}