{
  "seq": "stable_seq_001_part_1_dif_0__Videos_001",
  "OA": 100.0,
  "J_1": 0.546448087431694,
  "J_2": 2.793296089385475,
  "J_4": 10.843373493975903,
  "J_8": 23.48993288590604,
  "J_16": 33.33333333333333,
  "J_avg": 14.201276778006488,
  "d_1": 1.0869565217391304,
  "d_2": 5.434782608695652,
  "d_4": 19.565217391304348,
  "d_8": 38.04347826086957,
  "d_16": 50.0,
  "d_avg": 22.82608695652174
}