{
  "clips": {
    "real_seq_001_part_0_dif_1__Videos_000": {
      "seq": "real_seq_001_part_0_dif_1__Videos_000",
      "OA": 85.21739130434783,
      "J_1": 0.9569377990430622,
      "J_2": 3.9408866995073892,
      "J_4": 8.762886597938143,
      "J_8": 19.2090395480226,
      "J_16": 34.394904458598724,
      "J_avg": 13.452931020621985,
      "d_1": 1.7543859649122806,
      "d_2": 7.017543859649122,
      "d_4": 14.912280701754385,
      "d_8": 29.82456140350877,
      "d_16": 57.01754385964912,
      "d_avg": 22.105263157894733
    },
    "real_seq_001_part_0_dif_1__Videos_001": {
      "seq": "real_seq_001_part_0_dif_1__Videos_001",
      "OA": 44.34782608695652,
      "J_1": 0.0,
      "J_2": 0.0,
      "J_4": 0.0,
      "J_8": 2.5316455696202533,
      "J_16": 11.724137931034482,
      "J_avg": 2.8511567001309475,
      "d_1": 0.0,
      "d_2": 0.0,
      "d_4": 1.7699115044247788,
      "d_8": 7.964601769911504,
      "d_16": 23.893805309734514,
      "d_avg": 6.725663716814159
    },
    "real_seq_001_part_0_dif_1__Videos_002": {
      "seq": "real_seq_001_part_0_dif_1__Videos_002",
      "OA": 44.34782608695652,
      "J_1": 0.6134969325153374,
      "J_2": 1.2345679012345678,
      "J_4": 2.5,
      "J_8": 7.894736842105263,
      "J_16": 13.88888888888889,
      "J_avg": 5.226338112948812,
      "d_1": 0.8771929824561403,
      "d_2": 1.7543859649122806,
      "d_4": 3.508771929824561,
      "d_8": 10.526315789473683,
      "d_16": 17.543859649122805,
      "d_avg": 6.842105263157894
    },
    "real_seq_001_part_0_dif_1__Videos_004": {
      "seq": "real_seq_001_part_0_dif_1__Videos_004",
      "OA": 53.91304347826087,
      "J_1": 0.0,
      "J_2": 1.1560693641618496,
      "J_4": 4.790419161676647,
      "J_8": 18.243243243243242,
      "J_16": 33.587786259541986,
      "J_avg": 11.555503605724745,
      "d_1": 0.0,
      "d_2": 3.508771929824561,
      "d_4": 9.649122807017543,
      "d_8": 34.21052631578947,
      "d_16": 61.40350877192983,
      "d_avg": 21.75438596491228
    },
    "real_seq_001_part_0_dif_1__Videos_005": {
      "seq": "real_seq_001_part_0_dif_1__Videos_005",
      "OA": 80.8695652173913,
      "J_1": 0.4830917874396135,
      "J_2": 0.9708737864077669,
      "J_4": 3.482587064676617,
      "J_8": 11.229946524064172,
      "J_16": 39.59731543624161,
      "J_avg": 11.152762919765955,
      "d_1": 1.7391304347826086,
      "d_2": 2.608695652173913,
      "d_4": 6.956521739130435,
      "d_8": 20.869565217391305,
      "d_16": 61.73913043478261,
      "d_avg": 18.782608695652172
    },
    "real_seq_001_part_0_dif_1__Videos_006": {
      "seq": "real_seq_001_part_0_dif_1__Videos_006",
      "OA": 62.60869565217392,
      "J_1": 0.0,
      "J_2": 1.0810810810810811,
      "J_4": 5.056179775280898,
      "J_8": 17.61006289308176,
      "J_16": 34.53237410071942,
      "J_avg": 11.655939570032633,
      "d_1": 0.0,
      "d_2": 1.7391304347826086,
      "d_4": 10.434782608695652,
      "d_8": 32.17391304347826,
      "d_16": 56.52173913043478,
      "d_avg": 20.173913043478258
    },
    "real_seq_001_part_0_dif_1__Videos_007": {
      "seq": "real_seq_001_part_0_dif_1__Videos_007",
      "OA": 41.73913043478261,
      "J_1": 0.641025641025641,
      "J_2": 0.641025641025641,
      "J_4": 2.6143790849673203,
      "J_8": 4.666666666666667,
      "J_16": 9.79020979020979,
      "J_avg": 3.670661364779012,
      "d_1": 0.8928571428571428,
      "d_2": 0.8928571428571428,
      "d_4": 3.571428571428571,
      "d_8": 6.25,
      "d_16": 12.5,
      "d_avg": 4.821428571428572
    },
    "stable_seq_001_part_1_dif_0__Videos_000": {
      "seq": "stable_seq_001_part_1_dif_0__Videos_000",
      "OA": 100.0,
      "J_1": 4.072398190045249,
      "J_2": 11.11111111111111,
      "J_4": 21.693121693121693,
      "J_8": 45.56962025316456,
      "J_16": 86.99186991869918,
      "J_avg": 33.88762423322836,
      "d_1": 7.82608695652174,
      "d_2": 20.0,
      "d_4": 35.65217391304348,
      "d_8": 62.60869565217392,
      "d_16": 93.04347826086956,
      "d_avg": 43.826086956521735
    },
    "stable_seq_001_part_1_dif_0__Videos_001": {
      "seq": "stable_seq_001_part_1_dif_0__Videos_001",
      "OA": 100.0,
      "J_1": 0.546448087431694,
      "J_2": 2.793296089385475,
      "J_4": 10.843373493975903,
      "J_8": 23.48993288590604,
      "J_16": 33.33333333333333,
      "J_avg": 14.201276778006488,
      "d_1": 1.0869565217391304,
      "d_2": 5.434782608695652,
      "d_4": 19.565217391304348,
      "d_8": 38.04347826086957,
      "d_16": 50.0,
      "d_avg": 22.82608695652174
    },
    "stable_seq_001_part_1_dif_0__Videos_002": {
      "seq": "stable_seq_001_part_1_dif_0__Videos_002",
      "OA": 81.73913043478261,
      "J_1": 0.0,
      "J_2": 1.4705882352941175,
      "J_4": 15.64245810055866,
      "J_8": 30.18867924528302,
      "J_16": 59.23076923076923,
      "J_avg": 21.306498962381006,
      "d_1": 0.0,
      "d_2": 2.631578947368421,
      "d_4": 24.561403508771928,
      "d_8": 42.10526315789473,
      "d_16": 67.54385964912281,
      "d_avg": 27.368421052631575
    },
    "stable_seq_001_part_1_dif_0__Videos_003": {
      "seq": "stable_seq_001_part_1_dif_0__Videos_003",
      "OA": 96.37681159420289,
      "J_1": 5.078125,
      "J_2": 9.34959349593496,
      "J_4": 20.089285714285715,
      "J_8": 38.659793814432994,
      "J_16": 56.395348837209305,
      "J_avg": 25.914429372372595,
      "d_1": 9.48905109489051,
      "d_2": 16.78832116788321,
      "d_4": 32.846715328467155,
      "d_8": 54.74452554744526,
      "d_16": 70.8029197080292,
      "d_avg": 36.934306569343065
    },
    "stable_seq_001_part_1_dif_0__Videos_004": {
      "seq": "stable_seq_001_part_1_dif_0__Videos_004",
      "OA": 85.21739130434783,
      "J_1": 1.932367149758454,
      "J_2": 9.895833333333332,
      "J_4": 21.26436781609195,
      "J_8": 49.645390070921984,
      "J_16": 71.54471544715447,
      "J_avg": 30.856534763452036,
      "d_1": 3.508771929824561,
      "d_2": 16.666666666666664,
      "d_4": 32.45614035087719,
      "d_8": 61.40350877192983,
      "d_16": 77.19298245614034,
      "d_avg": 38.24561403508772
    },
    "stable_seq_001_part_1_dif_0__Videos_005": {
      "seq": "stable_seq_001_part_1_dif_0__Videos_005",
      "OA": 100.0,
      "J_1": 11.11111111111111,
      "J_2": 20.418848167539267,
      "J_4": 28.49162011173184,
      "J_8": 48.38709677419355,
      "J_16": 72.93233082706767,
      "J_avg": 36.268201398328685,
      "d_1": 20.0,
      "d_2": 33.91304347826087,
      "d_4": 44.34782608695652,
      "d_8": 65.21739130434783,
      "d_16": 84.34782608695653,
      "d_avg": 49.565217391304344
    }
  },
  "mean": {
    "OA": 75.10590858416946,
    "J_1": 1.9565385921823202,
    "J_2": 4.927982685078196,
    "J_4": 11.171590662638875,
    "J_8": 24.409681102362008,
    "J_16": 42.918768035343696,
    "J_avg": 17.07691221552102,
    "d_1": 3.6288025406141626,
    "d_2": 8.688905988698034,
    "d_4": 18.479407418592043,
    "d_8": 35.8417189410934,
    "d_16": 56.42697333205938,
    "d_avg": 24.613161644211406
  }
}